<?xml version="1.0" encoding="UTF-8"?>
<project-private xmlns="http://www.netbeans.org/ns/project-private/1">
    <editor-bookmarks xmlns="http://www.netbeans.org/ns/editor-bookmarks/2" lastBookmarkId="0"/>
    <open-files xmlns="http://www.netbeans.org/ns/projectui-open-files/2">
        <group>
            <file>file:/C:/xampp/htdocs/igniter/application/views/custom/lista_item.php</file>
            <file>file:/C:/xampp/htdocs/igniter/application/controllers/Item.php</file>
            <file>file:/C:/xampp/htdocs/igniter/application/config/config.php</file>
            <file>file:/C:/xampp/htdocs/igniter/application/helpers/enviaEmail_helper.php</file>
            <file>file:/C:/xampp/htdocs/igniter/application/models/dao/ItemDAO.php</file>
            <file>file:/C:/xampp/htdocs/igniter/application/models/ItemModel.php</file>
        </group>
    </open-files>
</project-private>
